Workbook

Sheet Cost Calculator
B1: AI Newsletter - Gemini Cost Calculation
B3: Gemini only | Production: one admin weekly | Developer tests | Failed admin attempts
B5: 1. WEEKLY USAGE ASSUMPTIONS - EDIT YELLOW CELLS
B6: Scenario / Actor | C6: Runs per Week | D6: Full-Run Equivalent | E6: Equivalent Runs / Week | F6: Equivalent Runs / Month | G6: Equivalent Runs / Year | H6: Notes
B7: Admin weekly generation | C7: 1 | D7: 1 | E7: =C7*D7 -> 1 | F7: =E7*52/12 -> 4.3333333 | G7: =E7*52 -> 52 | H7: One full Generate run each week by the admin
B8: Developer testing | C8: 2 | D8: 0.25 | E8: =C8*D8 -> 0.5 | F8: =E8*52/12 -> 2.1666667 | G8: =E8*52 -> 26 | H8: Two focused tests; each assumed at 25% of a full run
B9: Admin failed attempts | C9: 1 | D9: 0.5 | E9: =C9*D9 -> 0.5 | F9: =E9*52/12 -> 2.1666667 | G9: =E9*52 -> 26 | H9: One failed/retried admin attempt; assumed to consume 50% of a full run
B10: Total equivalent usage | E10: =SUM(E7:E9) -> 2 | F10: =SUM(F7:F9) -> 8.6666667 | G10: =SUM(G7:G9) -> 104
B12: 2. GEMINI MODEL USAGE PER FULL SUCCESSFUL RUN
B13: Role | C13: Gemini Model | D13: Calls / Run | E13: Input Tokens / Run | F13: Visible Output Tokens | G13: Thinking Tokens | H13: Billed Output Tokens | I13: Input $ / 1M | J13: Output $ / 1M | K13: Cost / Full Run
B14: Selection + supporting | C14: gemini-3.5-flash | D14: 6 | E14: 58644 | F14: 13008 | G14: 52480 | H14: =F14+G14 -> 65488 | I14: 1.5 | J14: 9 | K14: =E14/1000000*I14+H14/1000000*J14 -> 0.677358
B15: Arabic rewrite | C15: gemini-3.1-pro-preview | D15: 3 | E15: 10528 | F15: 3061 | G15: 27329 | H15: =F15+G15 -> 30390 | I15: 2 | J15: 12 | K15: =E15/1000000*I15+H15/1000000*J15 -> 0.385736
B16: Semantic memory | C16: gemini-embedding-001 | D16: 7 | E16: 25000 | F16: 0 | G16: 0 | H16: =F16+G16 -> 0 | I16: 0.15 | J16: 0 | K16: =E16/1000000*I16+H16/1000000*J16 -> 0.00375
B17: Total per full-equivalent run | D17: =SUM(D14:D16) -> 16 | E17: =SUM(E14:E16) -> 94172 | F17: =SUM(F14:F16) -> 16069 | G17: =SUM(G14:G16) -> 79809 | H17: =SUM(H14:H16) -> 95878 | K17: =SUM(K14:K16) -> 1.066844
B19: Usage buffer | C19: 0.2 | E19: Daily request tracker | F19: 120 | H19: Rates supplied for the approved Gemini-only cost model. Runtime evidence used the gemini-flash-latest alias; this workbook costs those measured tokens as gemini-3.5-flash.
B20: Detailed 16-call trace | C20: =HYPERLINK("#'Call Breakdown'!B1","Open call-by-call explanation") -> Open call-by-call explanation
B22: 3. COST SUMMARY
B23: Cost Metric | C23: Calculated Cost | E23: Scenario | F23: Weekly Eq. | G23: Monthly Eq. | H23: Annual Eq. | I23: Weekly Cost | J23: Monthly Cost | K23: Annual Cost | M23: Scenario | N23: Annual Cost
B24: Cost per full-equivalent run | C24: =K17 -> 1.066844 | E24: Admin weekly generation | F24: =E7 -> 1 | G24: =F7 -> 4.3333333 | H24: =G7 -> 52 | I24: =$K$17*F24*(1+$C$19) -> 1.2802128 | J24: =$K$17*G24*(1+$C$19) -> 5.5475888 | K24: =$K$17*H24*(1+$C$19) -> 66.571066 | M24: Admin weekly generation | N24: =K24 -> 66.571066
B25: Weekly cost incl. buffer | C25: =K17*E10*(1+$C$19) -> 2.5604256 | E25: Developer testing | F25: =E8 -> 0.5 | G25: =F8 -> 2.1666667 | H25: =G8 -> 26 | I25: =$K$17*F25*(1+$C$19) -> 0.6401064 | J25: =$K$17*G25*(1+$C$19) -> 2.7737944 | K25: =$K$17*H25*(1+$C$19) -> 33.285533 | M25: Developer testing | N25: =K25 -> 33.285533
B26: Monthly recurring cost incl. buffer | C26: =K17*F10*(1+$C$19) -> 11.095178 | E26: Admin failed attempts | F26: =E9 -> 0.5 | G26: =F9 -> 2.1666667 | H26: =G9 -> 26 | I26: =$K$17*F26*(1+$C$19) -> 0.6401064 | J26: =$K$17*G26*(1+$C$19) -> 2.7737944 | K26: =$K$17*H26*(1+$C$19) -> 33.285533 | M26: Admin failed attempts | N26: =K26 -> 33.285533
B27: Annual recurring cost incl. buffer | C27: =K17*G10*(1+$C$19) -> 133.14213
B28: Admin weekly generation - annual | C28: =K17*G7*(1+$C$19) -> 66.571066
B29: Developer testing - annual | C29: =K17*G8*(1+$C$19) -> 33.285533
B30: Admin failed attempts - annual | C30: =K17*G9*(1+$C$19) -> 33.285533
B33: Scope: Gemini API costs only. Excludes Exa, SearXNG hosting, Docker/servers, databases, storage, networking, and developer labor. End users reading the newsletter do not trigger Gemini; only admin generation, developer tests, and failed admin attempts are modeled.

Sheet Call Breakdown
B1: CALL-BY-CALL BREAKDOWN — WHY THE FULL RUN USES 16 GEMINI REQUESTS
B2: كل صف أدناه هو طلب مستقل إلى Gemini في الرن الناجح. رقم الطلب يطابق ترتيب الحصة الفعلي من 1 إلى 16.
B3: مهم: توكنات التوليد مقاسة من model.token_usage. Gemini Embedding سجّل عدد النصوص فقط، لذلك وُزّعت فرضية 25,000 توكن نسبيًا حسب عدد النصوص؛ الإجمالي والتكلفة محفوظان كما في الملخص.
B5: Request # / رقم الطلب | C5: Role / الفئة | D5: Costed Gemini Model | E5: Stage / المرحلة | F5: Why this call? / لماذا؟ | G5: Trigger / ما الذي شغّله؟ | H5: Items / Texts | I5: Input Tokens | J5: Visible Output | K5: Thinking Tokens | L5: Billed Output | M5: Input $ / 1M | N5: Output $ / 1M | O5: Cost / Call | P5: Evidence / ملاحظة
B6: 1 | C6: Semantic memory | D6: gemini-embedding-001 | E6: news_semantic_filter | F6: يفحص تشابه الأخبار مع ذاكرة Qdrant ويمنع تكرار قصة قديمة أو تكرارًا داخل الرن نفسه. | G6: قبل أول اختيار للأخبار. | H6: 32 | I6: =ROUND(H6/SUMIF($C$6:$C$21,"Semantic memory",$H$6:$H$21)*'Cost Calculator'!$E$16,0) -> 10390 | J6: 0 | K6: 0 | L6: =J6+K6 -> 0 | M6: ='Cost Calculator'!$I$16 -> 0.15 | N6: ='Cost Calculator'!$J$16 -> 0 | O6: =I6/1000000*M6+L6/1000000*N6 -> 0.0015585 | P6: 32 semantic decisions before primary.
B7: 2 | C7: Selection + supporting | D7: gemini-3.5-flash | E7: primary | F7: الاختيار الأساسي: يقرأ المرشحين ويرتّبهم ويختار الدفعة الأولى من أخبار النشرة. | G7: بداية مرحلة اختيار الأخبار؛ ليس Retry. | H7: 52 | I7: 21224 | J7: 3509 | K7: 17915 | L7: =J7+K7 -> 21424 | M7: ='Cost Calculator'!$I$14 -> 1.5 | N7: ='Cost Calculator'!$J$14 -> 9 | O7: =I7/1000000*M7+L7/1000000*N7 -> 0.224652 | P7: Runtime alias: gemini-flash-latest.
B8: 3 | C8: Arabic rewrite | D8: gemini-3.1-pro-preview | E8: primary_rewrite | F8: يعيد كتابة الأخبار التي اختارها Flash بالعربية وبصيغة البطاقة النهائية. | G8: Flash اختار 13 خبرًا في الدفعة الأساسية. | H8: 13 | I8: 4349 | J8: 1261 | K8: 10855 | L8: =J8+K8 -> 12116 | M8: ='Cost Calculator'!$I$15 -> 2 | N8: ='Cost Calculator'!$J$15 -> 12 | O8: =I8/1000000*M8+L8/1000000*N8 -> 0.15409 | P8: Measured model.token_usage.
B9: 4 | C9: Selection + supporting | D9: gemini-3.5-flash | E9: topup_1 | F9: تعويض أول لأن الدفعة الأساسية وحدها لم تكمل العدد المطلوب بعد التحقق والاستبعاد. | G9: بقي نقص؛ أُرسلت مجموعة من المرشحين المتبقين. | H9: 40 | I9: 16949 | J9: 3000 | K9: 12472 | L9: =J9+K9 -> 15472 | M9: ='Cost Calculator'!$I$14 -> 1.5 | N9: ='Cost Calculator'!$J$14 -> 9 | O9: =I9/1000000*M9+L9/1000000*N9 -> 0.1646715 | P9: Top-up is expected conditional pipeline work.
B10: 5 | C10: Arabic rewrite | D10: gemini-3.1-pro-preview | E10: topup_1_rewrite | F10: يعيد كتابة أخبار التعويض الأول بالعربية بعد اعتمادها. | G10: Top-up 1 أعاد 12 خبرًا مقبولًا لإعادة الصياغة. | H10: 12 | I10: 4209 | J10: 1611 | K10: 8914 | L10: =J10+K10 -> 10525 | M10: ='Cost Calculator'!$I$15 -> 2 | N10: ='Cost Calculator'!$J$15 -> 12 | O10: =I10/1000000*M10+L10/1000000*N10 -> 0.134718 | P10: Measured model.token_usage.
B11: 6 | C11: Selection + supporting | D11: gemini-3.5-flash | E11: topup_2 | F11: تعويض ثانٍ لأن العدد ظل ناقصًا بعد التعويض الأول. | G11: بقي نقص آخر؛ أُرسلت آخر مجموعة مناسبة من المرشحين. | H11: 16 | I11: 8157 | J11: 955 | K11: 8294 | L11: =J11+K11 -> 9249 | M11: ='Cost Calculator'!$I$14 -> 1.5 | N11: ='Cost Calculator'!$J$14 -> 9 | O11: =I11/1000000*M11+L11/1000000*N11 -> 0.0954765 | P11: Second conditional top-up.
B12: 7 | C12: Arabic rewrite | D12: gemini-3.1-pro-preview | E12: topup_2_rewrite | F12: يعيد كتابة أخبار التعويض الثاني بالعربية لإضافتها إلى الناتج النهائي. | G12: Top-up 2 أعاد 3 أخبار مقبولة. | H12: 3 | I12: 1970 | J12: 189 | K12: 7560 | L12: =J12+K12 -> 7749 | M12: ='Cost Calculator'!$I$15 -> 2 | N12: ='Cost Calculator'!$J$15 -> 12 | O12: =I12/1000000*M12+L12/1000000*N12 -> 0.096928 | P12: Measured model.token_usage.
B13: 8 | C13: Semantic memory | D13: gemini-embedding-001 | E13: news_memory_save | F13: يحوّل الأخبار النهائية إلى Embeddings ويحفظها حتى لا تتكرر في الأسابيع القادمة. | G13: بعد نجاح اختيار وإعادة كتابة 18 خبرًا. | H13: 18 | I13: =ROUND(H13/SUMIF($C$6:$C$21,"Semantic memory",$H$6:$H$21)*'Cost Calculator'!$E$16,0) -> 5844 | J13: 0 | K13: 0 | L13: =J13+K13 -> 0 | M13: ='Cost Calculator'!$I$16 -> 0.15 | N13: ='Cost Calculator'!$J$16 -> 0 | O13: =I13/1000000*M13+L13/1000000*N13 -> 0.0008766 | P13: News save occurs after request 7 and before supporting selection.
B14: 9 | C14: Semantic memory | D14: gemini-embedding-001 | E14: movie_semantic_filter | F14: يفحص الأفلام المرشحة ضد الذاكرة الدلالية قبل إرسالها إلى موديل الاختيار. | G14: بدء مسار الأفلام الداعمة. | H14: 5 | I14: =ROUND(H14/SUMIF($C$6:$C$21,"Semantic memory",$H$6:$H$21)*'Cost Calculator'!$E$16,0) -> 1623 | J14: 0 | K14: 0 | L14: =J14+K14 -> 0 | M14: ='Cost Calculator'!$I$16 -> 0.15 | N14: ='Cost Calculator'!$J$16 -> 0 | O14: =I14/1000000*M14+L14/1000000*N14 -> 0.00024345 | P14: 5 movie semantic decisions before request 10.
B15: 10 | C15: Selection + supporting | D15: gemini-3.5-flash | E15: supporting_movie | F15: يختار ويصيغ بطاقات الأفلام الداعمة من المرشحين المقبولين. | G15: انتهى فلتر الأفلام وبقي 5 مرشحين. | H15: 5 | I15: 1236 | J15: 943 | K15: 1986 | L15: =J15+K15 -> 2929 | M15: ='Cost Calculator'!$I$14 -> 1.5 | N15: ='Cost Calculator'!$J$14 -> 9 | O15: =I15/1000000*M15+L15/1000000*N15 -> 0.028215 | P15: Runtime alias: gemini-flash-latest.
B16: 11 | C16: Semantic memory | D16: gemini-embedding-001 | E16: course_semantic_filter | F16: يفحص دفعة الكورسات الأولى ضد الذاكرة ويمنع تكرار كورس ظاهر أو قديم. | G16: بدء مسار الكورسات الداعمة. | H16: 6 | I16: =ROUND(H16/SUMIF($C$6:$C$21,"Semantic memory",$H$6:$H$21)*'Cost Calculator'!$E$16,0) -> 1948 | J16: 0 | K16: 0 | L16: =J16+K16 -> 0 | M16: ='Cost Calculator'!$I$16 -> 0.15 | N16: ='Cost Calculator'!$J$16 -> 0 | O16: =I16/1000000*M16+L16/1000000*N16 -> 0.0002922 | P16: 6 course semantic decisions before request 12.
B17: 12 | C17: Selection + supporting | D17: gemini-3.5-flash | E17: supporting_course | F17: يحاول اختيار وصياغة بطاقات الكورسات من الدفعة الأولى. | G17: انتهى فلتر الدفعة الأولى وبقي 6 مرشحين. | H17: 6 | I17: 3519 | J17: 1374 | K17: 4591 | L17: =J17+K17 -> 5965 | M17: ='Cost Calculator'!$I$14 -> 1.5 | N17: ='Cost Calculator'!$J$14 -> 9 | O17: =I17/1000000*M17+L17/1000000*N17 -> 0.0589635 | P17: The result did not fill the required course display count.
B18: 13 | C18: Semantic memory | D18: gemini-embedding-001 | E18: course_quick_fetch_filter | F18: يفحص مرشحي Quick Fetch للكورسات؛ هذا الفحص منفصل لأن النظام جلب دفعة إضافية. | G18: الاستدعاء 12 لم يكمل العدد المطلوب، فبدأ Quick Fetch. | H18: 12 | I18: =ROUND(H18/SUMIF($C$6:$C$21,"Semantic memory",$H$6:$H$21)*'Cost Calculator'!$E$16,0) -> 3896 | J18: 0 | K18: 0 | L18: =J18+K18 -> 0 | M18: ='Cost Calculator'!$I$16 -> 0.15 | N18: ='Cost Calculator'!$J$16 -> 0 | O18: =I18/1000000*M18+L18/1000000*N18 -> 0.0005844 | P18: 12 bounded semantic checks in the combined quick-fetch pool.
B19: 14 | C19: Selection + supporting | D19: gemini-3.5-flash | E19: supporting_course_quick | F19: يختار كورسات إضافية من الدفعة الموسعة لإكمال بنك/عرض الكورسات. | G19: Quick Fetch جهّز 16 مرشحًا للموديل. | H19: 16 | I19: 7559 | J19: 3227 | K19: 7222 | L19: =J19+K19 -> 10449 | M19: ='Cost Calculator'!$I$14 -> 1.5 | N19: ='Cost Calculator'!$J$14 -> 9 | O19: =I19/1000000*M19+L19/1000000*N19 -> 0.1053795 | P19: Second course call is a refill, not a duplicate of request 12.
B20: 15 | C20: Semantic memory | D20: gemini-embedding-001 | E20: course_memory_save | F20: يحفظ الكورسات الظاهرة فقط في الذاكرة الدلالية حتى لا تعود في رن لاحق. | G20: بعد اعتماد بطاقات الكورسات النهائية. | H20: 2 | I20: =ROUND(H20/SUMIF($C$6:$C$21,"Semantic memory",$H$6:$H$21)*'Cost Calculator'!$E$16,0) -> 649 | J20: 0 | K20: 0 | L20: =J20+K20 -> 0 | M20: ='Cost Calculator'!$I$16 -> 0.15 | N20: ='Cost Calculator'!$J$16 -> 0 | O20: =I20/1000000*M20+L20/1000000*N20 -> 9.735e-05 | P20: Code saves visible_course_cards only.
B21: 16 | C21: Semantic memory | D21: gemini-embedding-001 | E21: movie_memory_save | F21: يحفظ الأفلام الظاهرة فقط في الذاكرة الدلالية حتى لا تتكرر مستقبلًا. | G21: بعد اعتماد بطاقات الأفلام النهائية. | H21: 2 | I21: ='Cost Calculator'!$E$16-SUMIF($C$6:$C$20,"Semantic memory",$I$6:$I$20) -> 650 | J21: 0 | K21: 0 | L21: =J21+K21 -> 0 | M21: ='Cost Calculator'!$I$16 -> 0.15 | N21: ='Cost Calculator'!$J$16 -> 0 | O21: =I21/1000000*M21+L21/1000000*N21 -> 9.75e-05 | P21: Final quota request; code saves visible_movie_cards only.
B22: TOTAL | C22: 16 requests | H22: =SUM(H6:H21) -> 240 | I22: =SUM(I6:I21) -> 94172 | J22: =SUM(J6:J21) -> 16069 | K22: =SUM(K6:K21) -> 79809 | L22: =SUM(L6:L21) -> 95878 | O22: =SUM(O6:O21) -> 1.066844
B24: WHY THE COUNTS ARE 6 + 3 + 7 / لماذا الأعداد 6 + 3 + 7؟
B25: Role / الفئة | C25: Calls | D25: Exact breakdown / التفصيل | I25: Why repeated / سبب التكرار | O25: Cost / Full Run
B26: Selection + supporting | C26: =COUNTIF($C$6:$C$21,B26) -> 6 | D26: primary + topup_1 + topup_2 + movie + course + course quick fetch | I26: 3 لاختيار الأخبار، 1 للأفلام، و2 للكورسات لأن الدفعة الأولى لم تكمل العدد. | O26: =SUMIF($C$6:$C$21,B26,$O$6:$O$21) -> 0.677358
B27: Arabic rewrite | C27: =COUNTIF($C$6:$C$21,B27) -> 3 | D27: primary_rewrite + topup_1_rewrite + topup_2_rewrite | I27: كل دفعة أخبار مختارة تحتاج إعادة صياغة عربية مستقلة؛ لذلك تقابل 3 دفعات اختيار. | O27: =SUMIF($C$6:$C$21,B27,$O$6:$O$21) -> 0.385736
B28: Semantic memory | C28: =COUNTIF($C$6:$C$21,B28) -> 7 | D28: news check + news save + movie check + course check + course quick check + course save + movie save | I28: فحص قبل الاختيار وحفظ بعد الاعتماد لكل نوع محتوى، مع فحص إضافي لدفعة Quick Fetch. | O28: =SUMIF($C$6:$C$21,B28,$O$6:$O$21) -> 0.00375
B29: TOTAL | C29: =SUM(C26:C28) -> 16 | D29: 6 + 3 + 7 = 16 independent Gemini requests in the measured successful run. | O29: =SUM(O26:O28) -> 1.066844

Sheet Run Evidence
B1: Measured Gemini Usage - Baseline Run
B3: Source run: full-20260720T112453Z-fe7ccc2e | Successful full pipeline | 18 selected news items
B5: ACTUAL TOKEN USAGE FROM MODEL.TOKEN_USAGE EVENTS
B6: Model | C6: Calls | D6: Input Tokens | E6: Visible Output | F6: Thinking Tokens | G6: Billed Output | H6: Total Tokens | I6: Notes
B7: gemini-flash-latest | C7: 6 | D7: 58644 | E7: 13008 | F7: 52480 | G7: 65488 | H7: 124132 | I7: Selection, top-ups, courses and movies
B8: gemini-3.1-pro-preview | C8: 3 | D8: 10528 | E8: 3061 | F8: 27329 | G8: 30390 | H8: 40918 | I8: Arabic rewrite calls
B9: gemini-embedding-001 | C9: 7 | D9: 25000 | E9: 0 | F9: 0 | G9: 0 | H9: 25000 | I9: Estimated token volume; 7 calls inferred from 16 total requests minus 9 generation calls
B10: Total | C10: =SUM(C7:C9) -> 16 | D10: =SUM(D7:D9) -> 94172 | E10: =SUM(E7:E9) -> 16069 | F10: =SUM(F7:F9) -> 79809 | G10: =SUM(G7:G9) -> 95878 | H10: =SUM(H7:H9) -> 190050
B12: STAGE DETAIL
B13: Stage | C13: Model | D13: Input | E13: Visible Output | F13: Thinking | G13: Total | H13: Candidates | I13: Status
B14: primary | C14: gemini-flash-latest | D14: 21224 | E14: 3509 | F14: 17915 | G14: 42648 | H14: 52 | I14: Success
B15: primary_rewrite | C15: gemini-3.1-pro-preview | D15: 4349 | E15: 1261 | F15: 10855 | G15: 16465 | H15: 13 | I15: Success
B16: topup_1 | C16: gemini-flash-latest | D16: 16949 | E16: 3000 | F16: 12472 | G16: 32421 | H16: 40 | I16: Success
B17: topup_1_rewrite | C17: gemini-3.1-pro-preview | D17: 4209 | E17: 1611 | F17: 8914 | G17: 14734 | H17: 12 | I17: Success
B18: topup_2 | C18: gemini-flash-latest | D18: 8157 | E18: 955 | F18: 8294 | G18: 17406 | H18: 16 | I18: Success
B19: topup_2_rewrite | C19: gemini-3.1-pro-preview | D19: 1970 | E19: 189 | F19: 7560 | G19: 9719 | H19: 3 | I19: Success
B20: supporting_movie | C20: gemini-flash-latest | D20: 1236 | E20: 943 | F20: 1986 | G20: 4165 | H20: 5 | I20: Success
B21: supporting_course | C21: gemini-flash-latest | D21: 3519 | E21: 1374 | F21: 4591 | G21: 9484 | H21: 6 | I21: Success
B22: supporting_course | C22: gemini-flash-latest | D22: 7559 | E22: 3227 | F22: 7222 | G22: 18008 | H22: 16 | I22: Success
B24: Why thinking is included: Gemini prices model output including thinking tokens. The visible response alone materially understates cost in this workload. Embedding tokens are estimated because the SDK usage state records embedded item count rather than token count.

Sheet Definitions
B1: Definitions, Assumptions & Sources
B4: MODEL SCOPE
B5: Group | C5: Attribute | D5: Definition / Assumption | E5: Source
B6: Scope | C6: Provider | D6: Gemini only. OpenAI is excluded from every calculation. | E6: Project configuration
B7: Usage | C7: Admin weekly generation | D7: One successful full Generate run per week by one admin. | E7: User requirement
B8: Usage | C8: Developer testing | D8: Two tests per week, each modeled as 25% of a full run. Editable. | E8: Planning assumption
B9: Usage | C9: Admin failed attempts | D9: One failed/retried attempt per week, modeled as 50% of a full run. Editable. | E9: Planning assumption
B10: Usage | C10: End users | D10: Newsletter readers do not invoke Gemini and therefore add no model cost. | E10: System authorization flow
B11: Pricing | C11: Gemini Flash alias | D11: Priced as Gemini 3 Flash Preview: $0.50 input and $3.00 output per 1M tokens. | E11: https://ai.google.dev/gemini-api/docs/gemini-3
B12: Pricing | C12: Gemini 3.1 Pro Preview | D12: $2.00 input and $12.00 output per 1M tokens below 200k input tokens. | E12: https://ai.google.dev/gemini-api/docs/gemini-3
B13: Pricing | C13: Gemini Embedding 001 | D13: $0.15 per 1M input tokens under Standard paid pricing. | E13: https://ai.google.dev/gemini-api/docs/pricing
B14: Tokens | C14: Billed output | D14: Visible output tokens plus thinking tokens. | E14: https://ai.google.dev/gemini-api/docs/pricing
B15: Baseline | C15: Measured run | D15: Actual token usage from successful run full-20260720T112453Z-fe7ccc2e. | E15: Local RUNLOG model.token_usage events
B16: Baseline | C16: Embedding volume | D16: 25,000 tokens per full run estimated from semantic checks and saves; editable. | E16: Project semantic memory flow
... B18: Exclusions | C18: Non-Gemini costs | D18: Exa, infrastructure, databases, storage, network and labor are excluded. | E18: Workbook scope
